"","County","Democrat vote raw","Democrat vote %","Republican vote raw","Republican vote %","Other vote raw","Other vote %","Less than 9th grade","9th to 12th grade","HS graduate and eq","College,No Degree","Associates Degree","Bachelors Degree","Graduate or professional degree","Gini Index","Median income","Mean income","Area","Density","Total Pop","Hispanic or Latino %","NH-White %","NH-Black %","NH-American Native %","NH-Asian %","NH-Native Pacific Islander %","NH-Other Race %","NH-Two or More Races %","% in Management, business, science, and arts","% in Service","% in Sales and Office","% in Resources and Construction","% in Transportation","Party"
"1","Anderson County",3955,20.57,15110,78.59,162,0.84,5.5,9.7,38.2,24.3,9.1,9.1,4,0.4294,57445,72139,2752.16,21.1,57922,19.18,57.14,19.73,0.33,0.66,0.02,0.2,2.73,28.31,21.34,19.18,14.01,17.16,"Republican"
"2","Andrews County",850,14.5,4943,84.31,70,1.19,14.5,11.7,29.2,17.3,7.6,14.8,4.9,0.4628,86458,112085,3886.76,4.72,18610,55.88,39.79,1.03,0.52,0.55,0,0.26,1.97,29.86,19.26,17.76,17.99,15.13,"Republican"
"3","Angelina County",9143,26.44,25076,72.53,355,1.03,7.4,8.6,32.2,24.5,8.6,11.8,6.8,0.4341,57055,73244,2066.46,41.91,86395,22.84,57.84,14.9,0.23,1.03,0.03,0.23,2.9,32.28,19.48,19.79,12.35,16.1,"Republican"
"4","Aransas County",2916,23.73,9239,75.17,135,1.1,5.4,6,31.8,25.5,7.1,15.7,8.4,0.513,58168,87039,652.85,36.84,23830,25.84,66.37,1.01,0.6,2.01,0.06,0.33,3.78,35.96,23.11,16.24,12.28,12.41,"Republican"
"5","Archer County",446,9.3,4300,89.66,50,1.04,2.4,6.4,37.3,21,7.7,17,8.2,0.4714,69954,94115,2339.51,3.7,8560,8.67,85.93,0.35,0.83,0.21,0,0.25,3.76,37.17,16.14,18.93,14.18,13.59,"Republican"
"6","Armstrong County",75,6.74,1035,93.08,2,0.18,4,3.2,33.1,24.5,9.2,17.7,8.3,0.3626,70417,81158,2354.62,0.81,1848,7.79,86.2,0.32,0.92,0.54,0,0.11,4.11,42.3,18.58,12.35,16.87,9.9,"Republican"
"7","Atascosa County",5876,32.43,12039,66.45,203,1.12,8.5,11,39.8,21,5.3,11,3.5,0.4279,67442,81385,3158.6,15.64,48981,63.65,32.8,0.69,0.24,0.35,0.03,0.36,1.88,26.21,17.85,21.03,19.06,15.85,"Republican"
"8","Austin County",2951,20.28,11447,78.65,156,1.07,5.9,6.2,32.5,24.4,6.8,17.9,6.2,0.4246,73556,92446,1674.42,18.16,30167,26.69,61.26,7.8,0.26,0.67,0.03,0.35,2.95,32.82,15.18,22.83,14.17,14.99,"Republican"
"9","Bailey County",409,21.99,1434,77.1,17,0.91,10.1,16.7,33.6,18.8,5.4,11.1,4.2,0.4378,69830,82529,2141.85,3.22,6904,65.76,31.72,0.71,0.35,0.12,0,0.39,0.96,23.43,7.03,17.87,20.41,31.26,"Republican"
"10","Bandera County",2505,19.7,10057,79.1,153,1.2,2.7,5.3,29.6,24.3,10.7,17.1,10.2,0.4583,70965,93223,2048.66,10.34,20851,19.23,74.79,0.49,0.48,0.46,0.05,0.34,4.15,38.78,19.39,19.42,13.38,9.03,"Republican"
"11","Bastrop County",15474,42.2,20516,55.96,675,1.84,9.3,7.7,30.4,23.6,6,15.7,7.4,0.422,80151,97636,2300.5,42.79,97216,42.67,47.06,5.62,0.32,0.74,0.06,0.43,3.1,32.88,16.68,19.86,15.62,14.96,"Republican"
"12","Baylor County",183,10.75,1494,87.78,25,1.47,2.3,10.7,36.7,19.9,7.1,19.5,3.8,0.4761,52716,71186,2246.76,1.55,3465,12.67,80.72,1.5,0.32,0.26,0,0.23,4.3,41.21,13.96,14.36,16.51,13.96,"Republican"
"13","Bee County",3288,34.9,6006,63.76,126,1.34,7.8,12,33.3,26.9,8.5,6.8,4.7,0.4937,50283,72582,2279.81,13.59,31047,62.46,27.7,7.46,0.17,0.68,0.01,0.21,1.31,29.81,23.3,18.9,12.35,15.63,"Republican"
"14","Bell County",57014,44.76,67893,53.3,2468,1.94,3.5,5.7,25.8,27.8,10.4,17.6,9.1,0.4541,62858,83348,2729.41,136.59,370647,25.22,42.3,21.79,0.39,2.94,0.93,0.56,5.88,35.14,19.01,22.33,10.37,13.15,"Republican"
"15","Bexar County",448452,58.32,308618,40.13,11882,1.55,6.6,7.5,24.6,22.4,8.5,18.8,11.6,0.4641,67275,90894,3212.43,626.96,2009324,59.27,26.66,7.36,0.23,3.25,0.14,0.41,2.69,37.52,18.55,23.12,9.52,11.29,"Democrat"
"16","Blanco County",1911,25.68,5443,73.15,87,1.17,5,4.7,27,23.7,9,23.9,6.8,0.4571,79717,106901,1836.95,6.32,11374,18.39,76.55,0.6,0.32,0.33,0,0.62,3.19,36.68,17.76,22.41,15.54,7.62,"Republican"
"17","Borden County",16,3.85,397,95.43,3,0.72,2.3,3.2,21.2,25.7,8.2,29.2,10.3,0.4616,80625,122340,2324.37,0.3,631,13.63,83.68,0.16,0,0,0,0.16,2.38,34.77,17.2,20.79,17.2,10.04,"Republican"
"18","Bosque County",1561,17.1,7469,81.84,96,1.05,4.5,7.8,32.1,27.4,9.2,13.5,5.5,0.4258,63868,81933,2545.88,7.23,18235,18.21,74.7,1.34,0.46,0.44,0.02,0.16,4.68,29.81,19.29,20.32,15.88,14.71,"Republican"
"19","Bowie County",10747,28.09,27116,70.87,398,1.04,3.4,6.6,35.3,24.3,8.1,14.1,8.2,0.489,56628,78971,2291.98,40.47,92893,8.18,60.13,24.85,0.6,1.16,0.07,0.36,4.65,32.02,20.54,23.79,9.61,14.04,"Republican"
"20","Brazoria County",62228,40.15,90433,58.35,2323,1.5,5,6.2,24.6,23.7,9,20.2,11.2,0.4161,91972,115494,3530.85,106.09,372031,30.97,43.5,14.43,0.27,7.05,0.03,0.37,3.38,43.07,13.85,19.06,11.52,12.51,"Republican"
"21","Brazos County",35349,41.56,47530,55.88,2182,2.57,5.1,5.6,21.1,18.3,6.7,23.5,19.7,0.516,57562,84652,1518.09,154.5,233849,26.97,52.61,10.08,0.21,6.25,0.09,0.43,3.35,44.6,17.1,20.78,7.97,9.55,"Republican"
"22","Brewster County",2258,46.83,2461,51.04,103,2.14,4.2,6.9,16.5,21.5,3.2,28.5,19.2,0.4636,47747,69449,16015.87,0.59,9546,41.51,51.83,1.7,0.31,0.98,0.12,0.59,2.95,35.18,23.18,25.29,7.82,8.53,"Republican"
"23","Briscoe County",78,10.76,639,88.14,8,1.1,7.8,7.7,34.6,22.6,11.7,9.6,6.1,0.5395,35446,58194,2330.99,0.55,1435,25.64,70.24,1.18,0.28,0,0,0.21,2.44,36.49,11.29,18.55,22.38,11.29,"Republican"
"24","Brooks County",1470,59.18,998,40.18,16,0.64,12.6,17.3,31,19.2,0.9,14.1,5,0.5043,30566,46187,2443.28,2.89,7076,88.21,10.23,0.11,0.13,0.41,0,0.17,0.73,29.78,32.57,13.13,10.37,14.16,"Democrat"
"25","Brown County",2107,13.19,13698,85.78,164,1.03,3.9,8.7,33.3,26.8,7.4,14.7,5.2,0.4562,53792,73932,2446.12,15.6,38095,21.55,70.01,3.55,0.35,0.71,0.07,0.25,3.5,30.39,18.56,19.69,11.97,19.38,"Republican"
"26","Burleson County",1788,20.77,6743,78.33,78,0.91,5.4,10.9,34,20.4,6.9,16.3,6.1,0.449,71745,92851,1707.02,10.52,17642,21.04,63.81,10.5,0.37,0.4,0,0.19,3.69,33.69,11.67,19.92,18.9,15.82,"Republican"
"27","Burnet County",5639,22.81,18767,75.93,311,1.26,6.4,5.1,29.4,24.5,6.4,19.4,8.7,0.465,71482,104304,2576.52,19.28,49130,22.79,70.85,1.18,0.37,0.86,0.03,0.3,3.61,33.02,19.43,22.62,15.26,9.68,"Republican"
"28","Caldwell County",6672,44.56,8031,53.64,270,1.8,7.4,12.3,37.6,21.7,4.3,11.9,4.8,0.4106,66779,83491,1410.36,32.72,45883,55.51,36.09,4.85,0.28,0.49,0.01,0.39,2.38,29.46,19.6,20.03,17.28,13.64,"Republican"
"29","Calhoun County",2148,27.34,5641,71.8,67,0.85,7.6,8.1,34.7,24.3,9.1,10.1,6.1,0.4133,62267,81858,1312.95,15.33,20106,49.03,41.65,1.8,0.17,5.53,0,0.28,1.55,31.59,14.97,17.51,18.62,17.32,"Republican"
"30","Callahan County",734,10.74,6012,88,86,1.26,1.9,6,36.1,25.1,7.9,17.5,5.4,0.3972,63906,77474,2329.36,5.95,13708,9.53,84.29,0.86,0.48,0.38,0.05,0.36,4.04,35.19,14.09,21.34,13.6,15.78,"Republican"
"31","Cameron County",64063,56.11,49032,42.94,1079,0.95,16.6,12.6,26,17.9,7.5,13.5,6,0.4678,47435,65655,2309.54,182.66,421017,89.47,8.81,0.33,0.09,0.62,0.02,0.2,0.46,29.39,25.75,21.7,10.65,12.51,"Democrat"
"32","Camp County",1394,27.55,3626,71.66,40,0.79,6.8,6,37.8,21.8,6.9,14.7,6,0.4754,53968,75130,507.24,24.73,12464,25.85,54.03,15.06,0.22,0.84,0.06,0.27,3.66,31.11,18.73,18.21,10.94,21.01,"Republican"
"33","Carson County",297,9.51,2779,89.01,46,1.47,2,5.6,32.9,25.1,9.1,17.4,7.8,0.3927,83199,100407,2383.4,2.43,5807,9.61,83.92,0.33,0.79,0.33,0.02,0.12,4.89,44.33,12.71,21.36,9.18,12.42,"Republican"
"34","Cass County",2795,20.07,11033,79.22,99,0.71,3.4,8.9,42.3,20.5,7.6,12.3,4.9,0.4715,54303,71369,2426.68,11.8,28454,4.7,73.9,15.88,0.54,0.42,0.04,0.3,4.22,32.22,18.72,18.23,9.97,20.86,"Republican"
"35","Castro County",466,22.37,1602,76.91,15,0.72,18.4,6.5,33.5,17,5.2,14.9,4.6,0.4186,59886,73212,2316.6,3.19,7371,64.9,31.58,1.29,0.53,0.3,0.05,0.12,1.22,33.89,19.7,16.24,16.04,14.13,"Republican"
"36","Chambers County",3997,18.46,17353,80.15,302,1.39,5.6,5.2,26.8,29.9,9.8,15.9,6.9,0.4188,106103,123951,1546.47,30.42,46571,23.52,64.11,6.76,0.35,1.34,0,0.46,3.47,39.69,13.05,16.14,14.11,17.01,"Republican"
"37","Cherokee County",4210,21.58,15101,77.41,197,1.01,9.2,11.9,32.4,22.6,7.7,10.2,5.9,0.4446,56971,75104,2727.14,18.64,50412,23.4,59.7,12.61,0.25,0.52,0.04,0.24,3.23,32.52,17.52,17.6,14.53,17.82,"Republican"
"38","Childress County",310,13.6,1943,85.26,26,1.14,6.1,11.9,37.5,24.1,5.7,10.5,4.1,0.4678,56063,76358,1803.95,3.76,6664,29.14,57.8,8.58,0.3,0.77,0.03,0.24,3.14,34.35,12.76,19.98,20.64,12.27,"Republican"
"39","Clay County",614,10.7,5069,88.29,58,1.01,2.8,4.3,35.5,26.9,7.3,16.3,6.9,0.3824,75227,84703,2819.87,3.65,10218,6.27,87.5,0.34,0.76,0.49,0,0.3,4.33,36.61,10.1,22.6,12.82,17.87,"Republican"
"40","Cochran County",177,17.7,809,80.9,14,1.4,20.4,10.2,34,16,10.9,6.1,2.4,0.4714,41597,59334,2007.45,1.26,2547,59.95,35.81,2.43,0.24,0,0,0,1.57,27.78,12.82,19.83,20.11,19.46,"Republican"
"41","Coke County",178,10.01,1586,89.15,15,0.84,5.5,8.4,32.5,27.5,6.5,12.4,7.1,0.4704,40230,59150,2361.15,1.4,3285,20.12,75.28,0.21,0.46,0.03,0.18,0.18,3.53,25.28,27.37,17.6,16.48,13.27,"Republican"
"42","Coleman County",451,10.94,3641,88.29,32,0.78,7.2,4.7,29.4,31.5,6.7,15.7,5,0.4784,51034,73573,3270.93,2.39,7684,15.51,78.25,1.85,0.47,0.42,0,0.38,3.12,31.18,24.59,20.14,11.57,12.52,"Republican"
"43","Collin County",230945,46.92,252318,51.26,8953,1.82,3,2.7,14.7,17.9,7.5,33.8,20.5,0.4332,113255,144818,2178.87,495.28,1064465,15.89,50.96,10.16,0.36,17.7,0.06,0.46,4.41,55.67,12,20.67,4.9,6.76,"Republican"
"44","Collingsworth County",155,12.73,1048,86.04,15,1.23,8.6,13.6,23.1,19.1,10.3,20.1,5.1,0.5288,52045,87624,2378.75,1.2,2652,31.37,60.97,4.07,0.87,0.26,0.04,0,2.41,34.46,24.27,19.3,15.08,6.89,"Republican"
"45","Colorado County",2420,24.26,7472,74.91,83,0.83,8.2,7.3,34.9,21.3,6.1,15.8,6.4,0.4741,63352,88293,2487.14,8.28,20557,29.14,57.21,10.81,0.06,0.39,0,0.2,2.19,37.5,15.09,18.07,15.72,13.62,"Republican"
"46","Comal County",24826,27.94,62740,70.6,1297,1.46,2.5,3.9,23.2,21.9,8,26.2,14.4,0.4396,93744,121798,1449.17,114,161501,26.99,65.17,2.22,0.32,1.14,0.08,0.43,3.65,46.3,14.58,20.58,8.74,9.8,"Republican"
"47","Comanche County",853,14.02,5177,85.06,56,0.92,6.8,8.5,33.1,23.8,8.8,12.6,6.3,0.4526,57383,77697,2428.77,5.62,13594,28.45,67.65,0.29,0.36,0.28,0.02,0.18,2.77,30.73,14.83,17.94,18.63,17.87,"Republican"
"48","Concho County",197,15.54,1058,83.44,13,1.03,14,11.1,36.9,21.3,5.1,8.7,2.8,0.4069,55750,67435,2547.91,1.27,3303,31.27,63.49,2.09,0.27,0.58,0.03,0.48,1.79,47.64,18.15,15.35,13.84,5.02,"Republican"
"49","Cooke County",3210,16.91,15596,82.14,182,0.96,5,6.3,31.3,25.4,8.8,15.6,7.6,0.4547,66374,93118,2265.79,18.47,41668,20.44,70.57,2.83,0.86,0.74,0.03,0.3,4.22,31.46,15.71,19.01,14.74,19.09,"Republican"
"50","Coryell County",7565,32.21,15438,65.72,487,2.07,3.8,6.2,28.5,33.7,10.5,12,5.3,0.4072,63281,77044,2725.31,30.43,83093,19.84,55.62,14.15,0.5,2.19,1.25,0.47,5.99,33.71,19.11,21.36,11.48,14.34,"Republican"
"51","Cottle County",113,17.07,540,81.57,9,1.36,7,11.1,28.7,27,7.8,11.8,6.6,0.4874,47625,63160,2332.45,0.71,1380,23.7,65.36,6.96,0.14,0,0.07,0,3.77,29.01,26.64,21.06,16.18,7.11,"Republican"
"52","Crane County",241,16.03,1247,82.97,15,1,18.9,6.1,37.7,19.3,2.3,11,4.6,0.387,71364,83614,2033.32,2.28,4675,67.55,28.71,1.5,0.3,0.47,0,0.02,1.45,25.31,16.13,17.47,25.89,15.2,"Republican"
"53","Crockett County",344,21.86,1220,77.51,10,0.64,12.5,15.5,28.2,26.1,2,9.2,6.4,0.364,64103,80443,7270.94,0.41,3098,61.98,34.86,0.58,0.29,0.32,0,0.29,1.68,40.05,6.87,16.82,24.33,11.94,"Republican"
"54","Crosby County",527,26.98,1396,71.48,30,1.54,9.6,12.6,37.8,19.3,6.7,11.5,2.5,0.5321,50268,78614,2331.5,2.21,5133,55.11,40.44,2.28,0.16,0.23,0,0.12,1.66,26.14,23.4,16.81,19.3,14.36,"Republican"
"55","Culberson County",438,50.69,415,48.03,11,1.27,18.8,4.8,50.3,15.5,0.1,9.7,0.8,0.4335,35924,48200,9873.44,0.22,2188,75.18,20.34,0.91,0.5,1.28,0,0.14,1.65,29.57,23.66,3.87,26.88,16.02,"Democrat"
"56","Dallam County",197,12.24,1389,86.33,23,1.43,18.7,3.2,39.6,21.5,2.7,12.5,1.8,0.3686,71969,83617,3893.1,1.84,7115,52.1,43.84,1.04,0.72,0.14,0.04,0.14,1.98,22.82,13.05,19.04,11.96,33.13,"Republican"
"57","Dallas County",598576,64.95,307076,33.32,15986,1.73,10.3,8.6,22.6,18.6,6.1,21,12.9,0.4923,70732,104220,2261.58,1151.43,2613539,40.48,27.74,21.61,0.26,6.94,0.04,0.38,2.55,37.77,15.89,21.04,11.31,14,"Democrat"
"58","Dawson County",808,21.32,2951,77.88,30,0.79,14.5,15.3,34.1,17.4,5.2,11.5,2,0.4994,45268,66869,2331.78,5.29,12456,54.33,36.85,6.8,0.18,0.45,0.03,0.14,1.22,30.07,20.4,17.82,19.74,11.97,"Republican"
"59","DeWitt County",1494,18.4,6567,80.89,57,0.7,6.6,9.3,42.5,19.3,8.2,10.1,4,0.4882,61100,82939,2354.24,8.42,19824,34.76,54.75,7.85,0.16,0.35,0.01,0.18,1.94,29.01,18.13,21.67,13.46,17.72,"Republican"
"60","Deaf Smith County",1264,27.42,3294,71.45,52,1.13,16.3,11.5,41.1,15.6,3.7,8.8,3,0.4051,51942,70209,3876.75,4.79,18583,74.93,22.78,0.58,0.25,0.24,0,0.22,1.01,20.21,19.15,17.2,19.38,24.06,"Republican"
"61","Delta County",403,15.55,2162,83.41,27,1.04,4.7,6.1,35.1,22.4,10.2,14.9,6.6,0.4472,68491,87624,665.19,7.93,5230,7.53,80.1,5.97,0.8,0.71,0.1,0.57,4.23,39.91,15.76,21.3,11.3,11.73,"Republican"
"62","Denton County",188695,45.15,222480,53.23,6789,1.62,3.1,3.6,16.9,20.6,7.9,31.7,16.2,0.4345,104180,135221,2275.82,402,906422,20.16,53.58,10.52,0.4,10.23,0.07,0.43,4.6,50.17,12.47,22.19,6,9.16,"Republican"
"63","Dickens County",130,13.16,853,86.34,5,0.51,5.9,8.6,39.8,18.1,7.4,13.5,6.6,0.4549,46638,68840,2335.45,0.67,1770,28.93,66.55,1.02,0,0.06,0.11,0.4,2.94,33.28,18.85,14.94,20.88,12.05,"Republican"
"64","Dimmit County",2264,61.76,1384,37.75,18,0.49,19.5,7.8,34.9,20.6,2.7,8.1,6.5,0.5074,27374,58081,3441.8,2.52,8615,86.91,10.42,0.84,0.09,0.79,0.12,0.14,0.7,19.13,25.09,26.91,17.64,11.22,"Democrat"
"65","Donley County",198,12.01,1438,87.26,12,0.73,3.9,11.7,34.1,27.7,9.1,8.9,4.6,0.417,51711,64460,2401.01,1.37,3258,10.93,77.87,5.13,0.83,0.31,0.03,0.18,4.73,34.13,22.8,16.52,20.85,5.7,"Republican"
"66","Duval County",2575,50.96,2443,48.35,35,0.69,13.7,12.9,34.7,23.8,7.1,4.5,3.4,0.4241,50697,61341,4645.08,2.14,9831,80.99,9.53,1.47,0.13,0.46,0,0.08,7.33,25.4,22.38,16.54,24.55,11.14,"Democrat"
"67","Eastland County",983,11.85,7237,87.28,72,0.87,5.3,9.3,30,24.3,8.2,15,7.8,0.476,52902,75893,2399.64,7.42,17725,16.55,77.03,1.89,0.54,0.54,0.09,0.15,3.22,34.51,18.74,19.79,13.78,13.18,"Republican"
"68","Ector County",11367,25.5,32697,73.34,517,1.16,10.2,13,29.7,22.5,8.1,11.3,5.3,0.4579,70566,92876,2325.51,69.79,165171,60.57,30.89,4.5,0.34,1.37,0.2,0.3,1.83,25.81,12.76,21.87,18.17,21.37,"Republican"
"69","Edwards County",168,15.76,893,83.77,5,0.47,15.6,10,18,27.6,9.9,15,4,0.4828,40809,59314,5485.26,0.25,1422,50.49,45.78,0.14,0.35,0.77,0.07,0.14,2.25,16.21,35.44,8.65,34.2,5.49,"Republican"
"70","El Paso County",178126,66.66,84331,31.56,4758,1.78,11.7,8.3,24.3,21.7,9,16.9,8.1,0.4663,55417,73912,2624.93,329.09,865657,82.64,11.35,2.82,0.27,1.24,0.18,0.28,1.23,32.69,20.59,23.3,9.96,13.47,"Democrat"
"71","Ellis County",27565,32.24,56717,66.34,1211,1.42,5.2,6.5,27.2,24.9,8.4,19.1,8.8,0.4014,93248,111815,2423.46,80.67,192455,27.04,55.34,12.33,0.37,0.79,0.1,0.41,3.62,38.36,13.51,22.41,10.66,15.05,"Republican"
"72","Erath County",2916,17.3,13684,81.2,253,1.5,6.3,6.6,26.4,20.2,8.2,22,10.4,0.4883,59654,83514,2805.42,15.25,42545,21.75,70.53,2.81,0.51,0.82,0.03,0.24,3.32,34.53,17.63,20.66,13.51,13.67,"Republican"
"73","Falls County",1899,30.96,4177,68.11,57,0.93,6,11.5,33.5,27.8,7.7,8.8,4.6,0.5024,45172,67718,1982.62,8.58,16968,23.37,51.31,21.85,0.32,0.3,0.05,0.25,2.55,27.93,14.88,23.72,15.77,17.7,"Republican"
"74","Fannin County",2655,17.7,12171,81.12,178,1.19,5.7,8.6,35,23.5,6.7,13.3,7.3,0.4738,65835,91939,2307.25,15.63,35662,11.83,75.83,6.17,0.87,0.41,0.06,0.31,4.53,35.85,15.07,21.03,13.5,14.56,"Republican"
"75","Fayette County",2661,20.56,10171,78.6,109,0.84,5,5.1,39.7,19,7.1,17.7,6.4,0.4838,72881,95174,2460.32,9.98,24435,21.35,69.74,5.66,0.2,0.27,0.02,0.29,2.46,27.46,16.71,20.73,14.44,20.65,"Republican"
"76","Fisher County",352,19.28,1448,79.3,26,1.42,7.7,6.1,34.4,20.4,11.4,13.5,6.4,0.4152,60461,73425,2328.27,1.58,3672,26.5,67.97,2.51,0.41,0.35,0.05,0.3,1.91,35.79,12.56,18.01,20.26,13.38,"Republican"
"77","Floyd County",438,21.48,1584,77.69,17,0.83,13.3,15.5,28.2,20,7,12.3,3.7,0.5407,49321,75402,2569.64,2.1,5402,56.78,38.49,2.31,0.13,0.22,0.02,0.24,1.81,24.8,22.48,21.85,16.35,14.52,"Republican"
"78","Foard County",99,17.97,445,80.76,7,1.27,8,11.6,24.5,29.1,10.7,11.6,4.4,0.4771,41944,59312,1824.38,0.59,1095,17.99,77.17,1.74,0,0.27,0.09,0.18,2.56,49.21,19.88,9.25,12.2,9.45,"Republican"
"79","Fort Bend County",195552,54.7,157718,44.12,4244,1.19,4.7,3.9,17.9,18,7,29.2,19.4,0.4239,109987,138115,2231.98,373.04,822779,24.14,29.62,20.41,0.15,22.06,0.03,0.49,3.09,51.27,12.54,20.81,6.14,9.24,"Democrat"
"80","Franklin County",804,16.05,4161,83.07,44,0.88,3.5,5,28,25.5,7.3,19.9,10.8,0.4403,67915,100612,736.57,14.18,10359,14.05,76.03,3.8,0.38,0.66,0.06,0.59,4.44,43.35,16.08,15.64,9.96,14.99,"Republican"
"81","Freestone County",1635,18.77,6991,80.25,85,0.98,5.2,9.8,34.5,22.5,10.7,11.9,5.5,0.448,55902,75009,2273.31,8.62,19435,16.23,65.95,14.1,0.33,0.34,0.06,0.24,2.76,26.78,19.59,18.85,15.9,18.88,"Republican"
"82","Frio County",2422,45.88,2823,53.48,34,0.64,12.1,17.9,39,16.4,6.1,5.2,3.3,0.472,56042,69861,2935.75,6.18,18385,77.08,16.61,3.83,0.27,1.08,0.05,0.44,0.64,20.16,24.94,18.21,19.84,16.85,"Republican"
"83","Gaines County",576,9.61,5355,89.32,64,1.07,28.7,10.9,33.1,10.6,6.3,8.2,2.2,0.4223,73299,89014,3891.1,5.53,21598,38.9,58.13,1.12,0.19,0.33,0.01,0.21,1.11,24.64,11.75,18.38,26.89,18.34,"Republican"
"84","Galveston County",58842,37.95,93911,60.56,2307,1.49,4.2,6,23.4,23.2,9.3,22.7,11.1,0.4584,83913,110116,982.67,356.99,350682,25.28,54.57,12.3,0.3,3.48,0.06,0.41,3.61,43.69,16.57,18.81,8.32,12.61,"Republican"
"85","Garza County",231,13.97,1413,85.48,9,0.54,15.6,14.5,32.8,21.3,2.6,7.5,5.7,0.402,56215,72497,2313.94,2.48,5816,56.26,37.17,3.95,0.48,0.43,0,0.17,1.53,38.09,18.41,15.04,8.42,20.04,"Republican"
"86","Gillespie County",3176,20.04,12514,78.97,156,0.98,6,5.3,25.2,20.5,7.8,22,13.2,0.4673,70162,99768,2740.73,9.83,26725,21.58,74.4,0.31,0.26,0.48,0,0.37,2.6,35.8,19.64,21.9,12.87,9.79,"Republican"
"87","Glasscock County",39,5.97,611,93.57,3,0.46,9.9,4.1,16.4,29.4,2.6,29.4,8.4,0.4416,112188,133127,2331.55,0.46,1116,34.68,63.62,0.72,0,0,0.27,0,0.72,43.63,1.73,9.5,33.91,11.23,"Republican"
"88","Goliad County",877,21.99,3085,77.36,26,0.65,8.9,6.7,31,24.7,10.9,13.1,4.8,0.5199,58125,91740,2206.7,3.21,7012,32.63,60.55,3.35,0.26,0.34,0,0.23,2.64,33.24,10.24,23.04,17,16.48,"Republican"
"89","Gonzales County",1948,25.47,5627,73.58,72,0.94,9.3,13.3,43.4,15,5.9,9.2,3.9,0.487,64255,87246,2762.7,7.14,19653,50.36,41.52,5.47,0.21,0.32,0.03,0.23,1.87,23.7,16.08,19.5,14.89,25.83,"Republican"
"90","Gray County",829,10.65,6840,87.9,113,1.45,8.6,9.8,32.3,24.4,8.8,12.3,3.8,0.4891,54563,77997,2398.26,8.87,21227,29.9,61.36,3.93,0.66,0.6,0,0.17,3.37,29.62,17.08,21.67,16.85,14.79,"Republican"
"91","Grayson County",14506,24.4,44163,74.3,770,1.3,3.9,5.7,30.2,26.5,11,15.2,7.6,0.4466,66608,88868,2416.02,56.71,135543,15.4,70.24,5.49,1.38,1.44,0.04,0.26,5.74,31.14,17.7,24.06,10.92,16.19,"Republican"
"92","Gregg County",14796,30.84,32493,67.72,693,1.44,5.7,7.9,28.7,26.5,8.8,15.2,7.2,0.4581,63811,84850,708.05,175.47,124239,19.35,54.77,20.1,0.34,1.3,0.04,0.24,3.86,31.9,16.44,22.8,10.75,18.12,"Republican"
"93","Grimes County",2833,22.82,9432,75.98,148,1.19,7,12.2,31.2,23.1,7,12,7.4,0.454,63484,84809,2039.53,14.44,29268,25.15,57.78,13.07,0.29,0.35,0.03,0.29,3.05,36.14,14.52,21.47,13.57,14.31,"Republican"
"94","Guadalupe County",28805,37.12,47553,61.29,1234,1.59,4.5,6.4,29.5,20.8,9.2,19.6,9.9,0.3926,88111,104433,1842.13,94.36,172706,37.77,48.67,6.92,0.28,1.78,0.2,0.45,3.93,35.68,15.82,23.09,9.8,15.62,"Republican"
"95","Hale County",2279,23.78,7177,74.89,128,1.34,13.8,11.4,33,20.2,6.8,9.2,5.6,0.4464,50721,67058,2602.11,12.5,32522,59.93,32.88,4.25,0.3,0.46,0.09,0.21,1.88,28.25,18.97,21.19,13.11,18.48,"Republican"
"96","Hall County",168,14.38,995,85.19,5,0.43,6.7,11.5,33.6,18.9,11.2,14,4.2,0.4906,43873,66562,2288.23,1.24,2825,33.63,56.25,6.73,0.25,0.32,0,0.11,2.73,33.02,20.07,16.3,15.95,14.67,"Republican"
"97","Hamilton County",641,14.74,3616,83.15,92,2.12,4,6.6,35.9,19.7,8.7,17.9,7.2,0.5453,54890,88744,2165.01,3.81,8222,12.71,82.77,0.39,0.45,0.44,0.02,0.21,3.02,31.29,19.6,21.95,11.75,15.41,"Republican"
"98","Hansford County",166,8.11,1849,90.33,32,1.56,12.6,15.2,22.3,15.1,5.1,24.8,4.8,0.4023,62350,77865,2382.3,2.21,5285,49.48,48.29,0.23,0.3,0.17,0.06,0.34,1.14,39.96,18.81,19.34,15.72,6.17,"Republican"
"99","Hardeman County",241,15.25,1330,84.18,9,0.57,5.1,9.9,34.2,25.2,8.1,13.2,4.2,0.4068,60455,73097,1800.34,1.97,3549,23.05,68.78,3.66,0.39,0.51,0.03,0.2,3.38,30.5,16.24,17.18,13.87,22.21,"Republican"
"100","Hardin County",3474,12.57,23858,86.33,303,1.1,3,8.1,38.6,23.3,8.5,14.1,4.3,0.4275,70164,87881,2306.58,24.53,56231,6.08,83.47,5.4,0.34,0.71,0.06,0.26,3.68,34.02,15.97,21.68,11.04,17.28,"Republican"
"101","Harris County",918193,55.96,700630,42.7,21995,1.34,10.4,7.5,22.9,19,7.1,20.8,12.4,0.4973,70789,104780,4421.15,1068.99,4731145,43.01,27.68,18.72,0.18,7.29,0.07,0.49,2.57,38.05,16.52,20.45,11.44,13.53,"Democrat"
"102","Harrison County",7908,26.62,21466,72.25,336,1.13,3.4,7.2,32.8,25.8,8.6,15.1,7.1,0.4695,63427,81428,2331.14,29.64,68839,14.29,61.07,19.54,0.43,0.7,0.04,0.39,3.55,32,16.89,20.03,13.66,17.42,"Republican"
"103","Hartley County",195,9.38,1868,89.89,15,0.72,7.8,8.1,35.2,17.9,5.8,14.5,10.7,0.3923,78065,98638,3786.44,1.42,5382,30.3,63.23,3.55,0.28,0.45,0.09,0.02,2.08,43.64,9.55,27.08,9.5,10.23,"Republican"
"104","Haskell County",353,15.94,1840,83.11,21,0.95,8.3,12.2,36,18.2,5.2,11.9,8.3,0.5575,52786,91530,2339.1,2.31,5416,25.42,66.99,3.34,0.52,0.41,0.09,0.44,2.79,31.41,25.15,18.72,15.95,8.77,"Republican"
"105","Hays County",59524,54.43,47680,43.6,2153,1.97,4.4,4.7,22.3,21.7,6.6,26.3,14.1,0.4521,79990,104935,1753.04,139.96,241067,38.52,50.43,3.74,0.25,2,0.06,0.42,4.58,41.66,16.14,22.58,9.12,10.5,"Democrat"
"106","Hemphill County",206,11.98,1486,86.4,28,1.63,7.1,4.2,35.4,20.8,9.2,18.1,5.2,0.4816,67798,100738,2347.27,1.44,3382,33.62,61.8,0.12,0.53,0.3,0,0.12,3.52,30.04,15.63,15.63,29.92,8.78,"Republican"
"107","Henderson County",7060,19.44,28911,79.62,339,0.93,4.6,8.7,33.8,25.6,8.2,13.1,5.9,0.4756,59778,81990,2263.06,36.51,82150,13.68,75.29,5.73,0.5,0.62,0.04,0.26,3.87,31.61,19.66,20.25,12.66,15.82,"Republican"
"108","Hidalgo County",128199,58.04,90527,40.98,2158,0.98,18.4,13,24.8,18.3,5.3,14,6.1,0.478,49371,68145,4069.38,214.57,870781,91.87,6.13,0.39,0.07,0.99,0.01,0.22,0.33,28.28,22.69,22.09,14.16,12.77,"Democrat"
"109","Hill County",2860,19.15,11926,79.87,145,0.97,5.7,8.7,34.2,23.7,10.1,12,5.5,0.4414,60669,78273,2483.43,14.55,35874,21.98,67.24,5.73,0.38,0.52,0.04,0.24,3.86,26.51,16.63,21.17,15.27,20.42,"Republican"
"110","Hockley County",1482,18.31,6536,80.74,77,0.95,9.8,10.7,28.8,24,9.6,11.3,5.9,0.4424,53283,73311,2352.72,9.14,21537,49.33,45.28,2.62,0.38,0.23,0.02,0.27,1.87,33.95,16.26,16.9,16.27,16.64,"Republican"
"111","Hood County",5648,17.36,26496,81.42,397,1.22,2.7,5,28,25.2,7.6,21.4,10.3,0.4556,80013,103961,1089.71,57.32,61598,12.92,80.87,0.8,0.55,0.76,0.09,0.29,3.72,38.02,13.04,20.74,10.12,18.07,"Republican"
"112","Hopkins County",3046,19.11,12719,79.8,174,1.09,5.5,9.6,34.5,21.5,7.3,14.8,6.7,0.4616,63766,84614,1987.64,18.62,36787,17.63,70.61,6.45,0.54,0.75,0.01,0.23,3.78,31.69,13.21,20.07,14.44,20.59,"Republican"
"113","Houston County",2314,24.52,7060,74.81,63,0.67,6,11.6,39.2,21.1,7.3,10.5,4.2,0.4761,51043,71244,3188.27,6.93,22066,13.92,58.72,23.4,0.43,0.63,0.04,0.26,2.61,31.72,23.16,19.78,9.37,15.98,"Republican"
"114","Howard County",2069,20.21,8054,78.65,117,1.14,8.1,10.9,34.7,25,7.5,9.4,4.4,0.4397,67243,86876,2333.04,14.78,34860,46.4,44.96,4.36,0.61,1.11,0.03,0.2,2.34,30.52,19.79,16.89,16.47,16.33,"Republican"
"115","Hudspeth County",371,31.85,779,66.87,15,1.29,27.9,17.2,25.3,15.2,4.1,9.5,0.9,0.4107,35163,45286,11837.58,0.28,3202,63.59,34.17,0.19,0.19,0.31,0,0.22,1.34,19.57,24.84,18.32,24.53,12.73,"Republican"
"116","Hunt County",8906,23.09,29163,75.6,505,1.31,3.9,8.4,35.1,24,7.3,14.6,6.7,0.4305,66885,84800,2176.68,46.67,99956,19.68,65.63,7.82,0.72,0.98,0.15,0.3,4.72,32.12,18.82,21.01,12.31,15.73,"Republican"
"117","Hutchinson County",965,11,7681,87.57,125,1.43,5.4,8.7,33,27.5,9.8,11.4,4.2,0.419,62211,79929,2298.42,8.96,20617,24.06,66.85,2.02,1.32,0.51,0.01,0.25,4.97,28.16,14.95,17.75,16.42,22.72,"Republican"
"118","Irion County",120,13.5,759,85.38,10,1.12,6.7,4.5,24.1,36.5,9.8,16.2,2.1,0.3913,54708,68513,2723.49,0.57,1513,23.07,73.5,0.4,0.59,0,0.07,0.07,2.31,20.34,17.5,21.76,21.05,19.35,"Republican"
"119","Jack County",331,8.75,3418,90.38,33,0.87,6.6,13.8,32.9,24.3,6.9,11.6,3.9,0.4811,58861,78534,2359.41,3.64,8472,17.95,75.05,3.47,0.41,0.48,0.06,0.11,2.47,24.68,18.76,22.03,17.21,17.31,"Republican"
"120","Jackson County",1033,16.29,5231,82.51,76,1.2,9.2,10.2,34.6,24.9,8,10.5,2.5,0.4012,67176,82005,2148.25,6.99,14988,32.22,56.78,6.25,0.24,1.05,0.03,0.68,2.74,26.89,15.49,16.32,20.68,20.62,"Republican"
"121","Jasper County",2954,18.93,12542,80.36,112,0.72,3.5,9.3,47.2,20.7,7.1,8.4,3.8,0.5113,48818,75809,2431.11,13.59,32980,6.66,72.15,16.9,0.39,0.35,0.05,0.22,3.29,30.28,21.66,18.43,14.9,14.73,"Republican"
"122","Jeff Davis County",501,38.39,784,60.08,20,1.53,9.7,4.6,19.3,30.1,8.4,12.5,15.4,0.5373,38125,71740,5865.17,0.34,1996,30.71,64.23,0,0.3,0.7,0,0.75,3.31,44.52,19.52,17.25,13.24,5.48,"Republican"
"123","Jefferson County",46073,48.63,47570,50.21,1096,1.16,7.3,7.9,31.7,23.8,9.3,13.9,6.1,0.4796,57294,81574,2270.73,112.27,256526,22.97,37.44,32.69,0.24,3.88,0.03,0.34,2.42,30.06,20.52,21.11,13.38,14.92,"Republican"
"124","Jim Hogg County",1197,58.79,833,40.91,6,0.29,9.1,12.3,42.7,21.2,2,8.6,4.2,0.4161,42292,59372,2942.67,1.64,4838,88.49,8.56,0.1,0.31,0.54,0.1,0.17,1.74,16.94,17.08,20,22.34,23.64,"Democrat"
"125","Jim Wells County",6119,44.77,7453,54.52,97,0.71,8.6,13.1,36.5,20.4,6,12,3.2,0.4738,46626,69066,2240.8,17.43,38891,79.29,17.9,0.46,0.15,0.36,0.04,0.24,1.56,28.98,18.95,21.65,16.91,13.5,"Republican"
"126","Johnson County",16464,22.87,54628,75.87,913,1.27,4.9,8.8,34.6,22.9,7.5,14.8,6.5,0.404,77058,94395,1877.87,97.29,179927,23.68,66.26,3.58,0.47,0.96,0.52,0.34,4.19,30.51,14.37,18.82,10.57,25.74,"Republican"
"127","Jones County",999,14.82,5660,83.96,82,1.22,5.5,13.7,38.7,22.9,8.1,8.8,2.4,0.405,59361,70243,2405.08,8.22,19663,27.99,58.41,10.06,0.34,0.56,0.02,0.21,2.41,26.03,22.56,19.38,17.2,14.82,"Republican"
"128","Karnes County",1234,23.51,3968,75.6,47,0.9,8.9,15,37,16.8,6,11.4,4.8,0.5127,57798,86219,1936.67,7.64,14710,52.58,36.63,7.59,0.18,0.99,0.01,0.41,1.62,26.92,26.18,22.39,15.54,8.97,"Republican"
"129","Kaufman County",18405,32.46,37624,66.35,674,1.19,5.2,8.4,29.1,24.5,8.9,17,6.8,0.3931,84075,99652,2021.98,74.07,145310,24.89,54.11,14.82,0.43,1.45,0.05,0.3,3.95,36.68,16.23,22.01,10.84,14.23,"Republican"
"130","Kendall County",6020,22.77,20083,75.96,335,1.27,4.1,3.4,15.4,21.2,7.4,30.9,17.6,0.4806,104196,152380,1715.75,26.45,44279,22.65,71.74,0.71,0.31,0.8,0.08,0.46,3.25,49.59,13.2,22.42,8.99,5.8,"Republican"
"131","Kenedy County",65,33.51,127,65.46,2,1.03,47.1,19.5,21.8,3.4,0,5.7,2.3,0.3038,45455,56413,3777.66,0.03,350,74.57,20.86,0,2,0,0.29,0.57,1.71,23.91,8.7,6.52,30.43,30.43,"Republican"
"132","Kent County",47,10.17,411,88.96,4,0.87,4.6,6.9,29,26.8,4.9,14.2,13.7,0.3834,68553,77335,2337.48,0.27,753,10.76,87.25,0.27,0.4,0,0,0.4,0.93,42.49,12.44,11.92,25.91,7.25,"Republican"
"133","Kerr County",6524,23.51,20879,75.25,342,1.23,4.3,6,28.8,23.6,7.6,18.4,11.4,0.4571,66713,91321,2857.62,18.48,52598,25.85,68.05,1.31,0.3,1.1,0.07,0.36,2.97,35.58,20.35,22.11,11.6,10.36,"Republican"
"134","Kimble County",284,12.39,1987,86.69,21,0.92,5.4,9.4,27.9,25,4.5,18.9,8.9,0.5235,62386,94800,3240.02,1.33,4286,23.01,73.17,0.19,0.33,0.77,0.07,0.19,2.29,32.79,17.66,23.04,18.85,7.66,"Republican"
"135","King County",8,5.03,151,94.97,0,0,18.1,3.1,33.1,15,0,25.6,5,0.4723,59375,67984,2359.15,0.09,265,9.43,86.79,0,0,0,1.51,0,2.26,37.65,16.47,18.82,23.53,3.53,"Republican"
"136","Kinney County",446,27.82,1144,71.37,13,0.81,8.6,6.8,24.5,39.6,7.2,6.9,6.4,0.404,52386,64114,3523.77,0.9,3129,46.98,47.59,1.15,0.67,0.32,0.06,0.48,2.75,35.69,25.8,9.89,6.77,21.84,"Republican"
"137","Kleberg County",5314,48.56,5504,50.29,126,1.15,9.4,8.2,34.7,19.5,5.2,14.9,8.1,0.4767,52487,67464,2282.57,13.52,31040,70.62,21.68,3.21,0.27,2.53,0,0.31,1.39,30.55,21.37,21.36,12.76,13.95,"Republican"
"138","Knox County",265,18.2,1180,81.04,11,0.76,9.9,8.3,33.1,26,8.6,8.4,5.7,0.4346,48750,64145,2203.1,1.51,3353,33.7,57.71,4.35,0.24,0.72,0.09,0.15,3.04,23.08,14.07,24.81,21.34,16.7,"Republican"
"139","La Salle County",1052,43.72,1335,55.49,19,0.79,13.9,23.7,43.6,11.1,2.3,3.2,2.2,0.3767,62798,63787,3850.55,1.81,6664,73.65,22.01,3.32,0.05,0.06,0,0.08,0.84,13.2,31.28,13.47,32.78,9.27,"Republican"
"140","Lamar County",4458,20.81,16760,78.25,200,0.93,5.2,7.2,33.7,23.2,9.8,13.9,7,0.4589,58246,73449,2349.98,21.34,50088,8.81,70.58,12.73,1.5,0.95,0.05,0.24,5.14,31.37,17.6,19.89,13.11,18.03,"Republican"
"141","Lamb County",840,19.06,3521,79.88,47,1.07,12.9,10.4,36.9,19.3,7.6,9.8,3.1,0.4368,54519,70219,2631.9,4.95,13045,57.1,38.18,3,0.11,0.03,0.04,0.18,1.34,31.8,15.21,16.29,17.8,18.9,"Republican"
"142","Lampasas County",2144,20.62,8086,77.76,169,1.63,4.4,5.3,30.4,28.4,11.3,14.1,6.1,0.4086,73269,89550,1845.44,11.83,21627,19.32,69.97,3.24,0.53,1.12,0.4,0.46,4.96,33.78,19.98,21.76,11.33,13.15,"Republican"
"143","Lavaca County",1333,13.07,8804,86.34,60,0.59,8.1,6.5,37.7,20.7,7.4,13.8,5.8,0.4544,58530,83239,2511.54,8.11,20337,19.35,71.61,5.77,0.15,0.36,0.02,0.15,2.58,35.12,13.73,19.34,12.82,19,"Republican"
"144","Lee County",1750,21.64,6255,77.36,81,1,6.3,7.2,39.3,23.3,7.4,11.8,4.8,0.4071,66448,76825,1629.2,10.77,17478,25.63,60.72,9.33,0.27,0.33,0.01,0.21,3.51,33.25,15.71,19.45,15.64,15.96,"Republican"
"145","Leon County",1072,12.36,7523,86.73,79,0.91,6.3,9.1,38.8,25,5.8,10.5,4.5,0.4882,57363,83691,2779.46,5.73,15719,15.56,74.17,5.86,0.34,0.71,0.04,0.3,3.02,28.07,21.17,21.93,15.48,13.35,"Republican"
"146","Liberty County",5785,19.72,23302,79.44,247,0.84,9.6,12,39.3,21.9,6.6,7.7,2.8,0.4519,59605,80392,3000.12,31.17,91628,33.61,54.62,7.67,0.32,0.51,0.01,0.36,2.91,23.73,15.44,19.13,22.3,19.4,"Republican"
"147","Limestone County",2213,24.33,6789,74.65,93,1.02,6.5,8.9,34.7,24.1,8.8,12,4.8,0.4418,53102,68452,2345.05,9.48,22146,22.64,56.58,16.42,0.33,0.72,0.08,0.27,2.97,25.23,21.04,16.88,17.16,19.7,"Republican"
"148","Lipscomb County",131,9.68,1205,89.06,17,1.26,8.5,6.4,31.4,21.8,7.1,20.2,4.5,0.4414,71625,89221,2414.42,1.26,3059,36.71,58.39,0.13,0.95,0.07,0,0.13,3.63,35.93,15.96,15.01,15.16,17.93,"Republican"
"149","Live Oak County",819,16.2,4199,83.08,36,0.71,10.2,14.4,30,27,4.8,7.6,5.9,0.4735,55949,75029,2692.8,4.22,11335,42.26,52.65,1.81,0.43,0.31,0.03,0.4,2.12,30.71,13.43,22.2,20.75,12.91,"Republican"
"150","Llano County",2465,19.47,10079,79.61,116,0.92,2.4,6.1,26.6,25.9,7.2,22.2,9.6,0.5296,64241,107193,2419.22,8.94,21243,11.81,82.52,0.46,0.54,0.57,0.02,0.29,3.8,34.65,15.31,25.62,11.22,13.2,"Republican"
"151","Loving County",4,6.06,60,90.91,2,3.03,0,3.2,15.9,30.2,50.8,0,0,0.532,NA,97491,1732.23,0.06,64,1.56,87.5,0,1.56,0,0,1.56,7.81,53.85,0,12.82,0,33.33,"Republican"
"152","Lubbock County",40017,33.13,78861,65.3,1893,1.57,4.9,6.8,25.4,22.6,7.7,20,12.6,0.4811,61911,85341,2319.6,134.29,310639,35.14,49.9,8.26,0.46,3.05,0.06,0.31,2.81,39.71,17.42,22.71,8.75,11.42,"Republican"
"153","Lynn County",428,18.67,1853,80.81,12,0.52,8.1,10.5,28.7,20.1,8,17.2,7.4,0.4785,52996,81171,2309.92,2.43,5596,42.03,52.89,1.88,0.27,0.18,0.07,0.21,2.47,39.98,18.12,17.72,15.4,8.78,"Republican"
"154","Madison County",1088,20.54,4169,78.7,40,0.76,4.9,16.2,37.5,21.4,5.9,10.2,3.9,0.4083,65768,76169,1207.1,11.23,13455,25.38,51.91,19.23,0.36,0.75,0,0.08,2.3,24.56,16.27,23.68,19.22,16.27,"Republican"
"155","Marion County",1339,27.53,3470,71.34,55,1.13,3.6,9.6,40.5,21.6,8.4,13.5,2.8,0.4542,48040,63070,986.53,9.8,9725,4,70.63,18.98,0.71,0.49,0,0.46,4.72,26.64,18.7,24.87,10.67,19.13,"Republican"
"156","Martin County",288,13.33,1857,85.97,15,0.69,9.9,5.9,40.2,25,2.1,9.7,7.2,0.4717,70217,97852,2369.72,2.21,5237,43.06,53.08,1.55,0.42,0.17,0.02,0.36,1.34,31.42,9.75,18.27,16,24.56,"Republican"
"157","Mason County",457,18.47,1991,80.48,26,1.05,6.6,8.5,21.5,20.8,4.7,26.1,11.9,0.4553,77583,93741,2405.67,1.65,3953,22.34,74.58,0.1,0,0.05,0,0.4,2.53,42.48,12.34,29.83,9.58,5.77,"Republican"
"158","Matagorda County",3733,27.2,9845,71.73,148,1.08,9.9,8.6,28.4,24,8.2,14,6.9,0.4707,56412,73260,2831.17,12.8,36255,42.63,42.35,10.3,0.27,1.93,0.02,0.28,2.21,27.54,17.1,14.97,21.64,18.75,"Republican"
"159","Maverick County",8332,54.29,6881,44.84,133,0.87,19.8,15.6,26.4,16.5,5.9,11.6,4.2,0.4605,48497,65116,3313.83,17.44,57887,94.9,2.72,0.22,1.44,0.31,0.01,0.19,0.2,24.18,28.69,17.98,12.88,16.27,"Democrat"
"160","McCulloch County",490,14.26,2904,84.52,42,1.22,9.8,10.3,31.5,24.4,5.5,12.7,5.8,0.4321,53214,68736,2759.89,2.77,7630,31.05,64.27,1.21,0.09,0.51,0,0.16,2.71,31.77,22.67,16.22,12.99,16.34,"Republican"
"161","McLennan County",36688,37.52,59543,60.9,1540,1.58,5.1,7.9,26.9,22.8,10.2,16.4,10.5,0.4764,59781,82845,2685.02,97.24,260579,26.32,53.61,13.87,0.35,1.87,0.06,0.41,3.52,34.82,16.57,21.8,10.27,16.53,"Republican"
"162","McMullen County",53,10.27,460,89.15,3,0.58,4.6,6.5,45.1,20.4,7.6,11.8,3.9,0.4952,60313,80275,2952.07,0.23,600,37.33,58.83,0.17,0.17,0.5,0.83,0,2.17,36.03,28.34,7.29,17,11.34,"Republican"
"163","Medina County",6773,29.91,15642,69.08,229,1.01,5.6,8.3,32.6,22.2,9,13.3,8.9,0.422,73060,91847,3432.67,14.98,50748,50.16,43.99,2.47,0.31,0.42,0.07,0.37,2.2,35.61,15.55,21.85,14.1,12.89,"Republican"
"164","Menard County",197,19.16,823,80.06,8,0.78,8.9,13.2,25.8,20.1,8.1,15,8.9,0.5231,40945,63484,2336.24,0.84,1962,33.74,62.74,0.61,0.36,0.25,0.15,0.41,1.73,30.08,16.26,21.27,12.74,19.65,"Republican"
"165","Midland County",12329,20.95,45624,77.52,903,1.53,7.5,8.1,23.2,23.8,8,20.6,8.9,0.4703,90123,122370,2331.92,72.64,169983,43.14,45,6.16,0.4,2.29,0.09,0.37,2.56,38.23,12.62,22.22,14.21,12.73,"Republican"
"166","Milam County",2496,23.6,7984,75.49,96,0.91,6.9,7.3,39,21.1,7.4,12.6,5.7,0.4701,56985,80180,2632.35,9.53,24754,25.31,62.08,8.47,0.27,0.45,0.04,0.34,3.04,31.63,14.68,22.57,18.99,12.13,"Republican"
"167","Mills County",271,10.82,2217,88.5,17,0.68,5.4,6.7,31.4,21.5,6.5,18.5,9.9,0.4742,59315,86246,1937.89,2.32,4456,16.34,78.5,0.56,0.22,0.09,0,0.13,4.15,37.06,19.05,14.76,18.75,10.38,"Republican"
"168","Mitchell County",397,15.39,2170,84.14,12,0.47,7,9.2,41,27.6,5.6,7.2,2.4,0.4642,49869,80812,2359.72,3.79,8990,38.42,48.14,10.29,0.38,0.6,0.01,0.12,2.04,21.86,33.59,17.52,16.81,10.23,"Republican"
"169","Montague County",1097,11.18,8615,87.78,102,1.04,4.7,7.4,38.6,24.6,8.1,12.8,3.9,0.416,63336,78500,2411.03,8.38,19965,11.83,81.85,0.37,0.78,0.42,0.02,0.17,4.57,24.57,18.74,23.7,17.93,15.07,"Republican"
"170","Montgomery County",74377,27.4,193382,71.24,3692,1.36,4.3,5.9,22.9,21.5,7.7,25,12.8,0.4706,95946,133619,2699.05,233.41,620443,26.45,59.86,5.51,0.3,3.45,0.1,0.41,3.92,42.6,14.13,21.51,10.24,11.52,"Republican"
"171","Moore County",1062,19.28,4359,79.14,87,1.58,21.4,10.7,31.1,17.5,7.5,7.9,3.9,0.4123,59041,77084,2330.21,9.13,21358,59.21,30.43,3.06,0.45,4.6,0,0.39,1.85,25.18,13.84,15.86,15.83,29.29,"Republican"
"172","Morris County",1669,29.87,3872,69.3,46,0.82,4.4,8,39.7,27.4,7,7.9,5.7,0.3968,51532,62261,652.65,18.38,11973,9.87,64.45,20.45,0.58,0.29,0.08,0.25,4.03,29.3,20.37,20.6,8.31,21.42,"Republican"
"173","Motley County",46,7.06,604,92.64,2,0.31,4.5,9.6,31.2,27.3,7.2,15.2,5.2,0.3845,66528,71800,2562.96,0.48,1063,14.39,80.71,0.66,0,0,0,0.19,4.05,32.49,15.57,20.47,23.86,7.61,"Republican"
"174","Nacogdoches County",9000,33.63,17378,64.93,385,1.44,7.4,7.5,29.3,24.5,5.9,15.9,9.4,0.5024,51153,72697,2450.97,26.43,64653,21.03,57.47,16.34,0.3,1.18,0.02,0.29,3.37,30.82,18.8,23.54,12.82,14.02,"Republican"
"175","Navarro County",5101,26.68,13800,72.17,220,1.15,9.9,9.6,30.3,24.4,8.8,11.4,5.6,0.4572,56261,76660,2615.12,20.2,52624,30.5,51.3,11.95,0.31,0.75,1.39,0.26,3.55,27.21,17.49,18.32,12.9,24.08,"Republican"
"176","Newton County",1173,19.25,4882,80.11,39,0.64,4.5,13.5,45.7,22.7,6.7,4.9,1.9,0.4857,38871,58462,2418.21,5.1,12217,2.82,75.71,16.98,0.48,0.2,0,0.22,3.59,25.17,19.21,20.21,17.45,17.95,"Republican"
"177","Nolan County",1162,21.7,4131,77.13,63,1.18,6.9,9.3,34.6,25.4,10,9.2,4.8,0.5192,47437,75043,2362.06,6.21,14738,36.33,55.22,4.24,0.36,0.7,0.01,0.21,2.93,24.89,23.14,18.25,15.16,18.55,"Republican"
"178","Nueces County",60925,47.85,64617,50.75,1772,1.39,6.6,8.9,29.2,23.7,9.1,14.4,8.1,0.4622,64027,85253,2173.64,162.51,353178,61.46,30.06,3.58,0.26,2.18,0.08,0.36,2.02,32.67,20.28,21.34,13.47,12.24,"Republican"
"179","Ochiltree County",302,9.57,2812,89.1,42,1.33,12.4,11.3,33.5,19,5.2,12.3,6.3,0.4158,62240,80514,2376.79,4.18,10015,54.62,42.39,0.14,0.31,0.28,0.02,0.21,2.04,23.59,13.28,16.29,28.18,18.67,"Republican"
"180","Oldham County",81,8.03,917,90.88,11,1.09,9.4,7.1,27,21.9,10.8,17.2,6.7,0.4288,71103,89702,3886.34,0.56,1758,17.8,75.37,1.88,0.34,0.57,0,0,4.04,39.34,17.69,14.51,16.21,12.24,"Republican"
"181","Orange County",6357,17.66,29186,81.09,451,1.25,2.5,8.2,35.8,24.8,11.6,12.8,4.3,0.4396,71910,93395,864.5,98.05,84808,8.57,76.57,9.41,0.4,1.31,0.02,0.23,3.5,32.87,13.68,20.84,15.54,17.07,"Republican"
"182","Palo Pinto County",2178,17.44,10179,81.53,128,1.03,5.1,7.4,39.2,22.5,7.7,11.9,6.1,0.4521,65242,84036,2467.09,11.58,28409,19.76,73.14,1.94,0.52,0.74,0.04,0.24,3.6,30.46,16.5,21.31,14.09,17.65,"Republican"
"183","Panola County",2057,17.96,9326,81.44,68,0.59,4.5,11.8,29.1,29.2,9.2,11.7,4.4,0.4854,58205,84446,2101.4,10.73,22491,9.74,71.58,14.42,0.43,0.44,0.03,0.12,3.25,27.77,18.47,17.77,14.44,21.55,"Republican"
"184","Parker County",13017,17.1,62045,81.5,1066,1.4,3.4,6.3,26.9,22.5,10,20.2,10.7,0.43,95721,120085,2340.62,64.59,148222,13.37,79.44,1.1,0.59,0.67,0.07,0.32,4.44,40.4,15.95,20.69,10.74,12.22,"Republican"
"185","Parmer County",488,18.42,2135,80.57,27,1.02,19,9.9,24.9,18.5,9.2,13.7,4.7,0.3955,65575,83695,2281.32,4.3,9869,65.9,32.29,0.54,0.11,0.14,0,0.4,0.62,27.61,16.21,14.94,22.5,18.74,"Republican"
"186","Pecos County",1382,29.61,3215,68.87,71,1.52,10.3,13.8,36.7,22.6,5.2,6.9,4.5,0.4911,59325,85884,12338.27,1.22,15193,71.38,22.86,3.32,0.22,0.94,0,0.23,1.05,24.72,20.13,20.44,22.1,12.6,"Republican"
"187","Polk County",5387,22.28,18573,76.81,221,0.91,6.8,11.8,37.3,24.7,6.2,8.8,4.4,0.4421,57315,74127,2737.73,18.46,50123,14.65,69.45,9.71,1.82,0.68,0,0.27,3.42,26.24,16.27,22.18,17.26,18.05,"Republican"
"188","Potter County",9921,29.77,22820,68.49,580,1.74,11.2,11.7,30.9,21.7,7.6,11.9,5.1,0.4908,47974,70497,2352.72,50.11,118525,38.13,42.31,10.12,0.54,5.09,0.02,0.52,3.27,26.58,23.21,18.57,13.27,18.37,"Republican"
"189","Presidio County",1463,65.99,721,32.52,33,1.49,31.6,6.7,17.6,14.4,8.4,15,6.2,0.5855,29012,59503,9985.06,0.62,6131,81.41,15.67,0.41,0.26,1.39,0,0.15,0.72,43.32,8.57,14.78,26.54,6.78,"Democrat"
"190","Rains County",842,13.91,5155,85.16,56,0.93,5.7,6.9,35.9,24.8,6.2,14.6,5.9,0.4783,60291,91470,594.38,20.62,12164,9.12,83.28,2.17,0.7,0.45,0.01,0.27,4,37.73,13.71,20.78,12.54,15.24,"Republican"
"191","Randall County",12802,19.79,50796,78.54,1076,1.66,2.2,4,23.4,27.7,10.1,21.7,11,0.4337,78038,99601,2363.91,59.85,140753,22.44,67.82,3.24,0.56,1.85,0.04,0.29,3.75,39.38,16.92,22.25,9.34,12.11,"Republican"
"192","Reagan County",172,15.3,942,83.81,10,0.89,1.5,10.4,52.8,17.2,6.1,7.3,4.7,0.3645,70319,83863,3044.05,1.09,3385,67.44,28.6,0.97,0.35,0.56,0.03,0.18,1.86,34.42,8.92,10.9,24.22,21.54,"Republican"
"193","Real County",320,16.15,1643,82.9,19,0.96,7.2,3.8,36.9,26.6,4.6,16.1,4.9,0.4783,46842,72231,1810.81,1.56,2758,25.09,70.34,0.8,0.29,0.44,0.11,0.07,2.86,25.82,25.43,27.14,11.46,10.14,"Republican"
"194","Red River County",1246,21.46,4517,77.8,43,0.74,5.4,9.5,40,24.2,6.9,9.3,4.7,0.451,44583,58759,2703.68,4.3,11587,6.61,73.35,15,0.88,0.44,0,0.11,3.61,24.51,18.34,19.68,18.67,18.8,"Republican"
"195","Reeves County",1395,37.84,2254,61.13,38,1.03,13.7,15.5,36.2,18.2,6.6,7.8,2,0.4448,57487,74058,6825.53,2.05,14748,84.83,11.51,1.52,0.18,1.12,0.02,0.26,0.56,17.17,17.8,16.73,29,19.3,"Republican"
"196","Refugio County",1108,32.92,2210,65.66,48,1.43,5.8,10.4,43.7,22.5,6.4,8.2,3,0.46,54304,67596,1995.55,3.37,6741,49.04,42.49,5.93,0.27,0.4,0,0.18,1.69,19.29,26.75,24.95,14.35,14.66,"Republican"
"197","Roberts County",17,3.09,529,96.18,4,0.73,0,8.2,37.7,21.6,13.2,14.2,5,0.3783,62667,77618,2393.3,0.32,827,6.05,86.7,0.24,0.24,0,0,0.12,6.65,40.2,9.55,23.12,10.8,16.33,"Republican"
"198","Robertson County",2374,29.31,5646,69.71,79,0.98,5.2,9.5,38.4,20.2,8.4,12.6,5.8,0.4615,59410,79074,2214.84,7.64,16757,21.05,56.72,18.47,0.17,0.62,0.13,0.22,2.61,26.26,25.13,18.91,14.22,15.49,"Republican"
"199","Rockwall County",16412,30.45,36726,68.15,753,1.4,2.5,3.2,18.5,22.5,9.4,27.9,16,0.4127,121303,154691,329.47,335.78,107819,19.07,65.11,7.59,0.44,3.07,0.07,0.32,4.34,50.06,12.83,22.71,6.03,8.37,"Republican"
"200","Runnels County",552,12.52,3807,86.35,50,1.13,9.2,7.9,35.8,22.1,6.7,13,5.3,0.4325,55424,75022,2722.26,3.62,9900,33.88,61.23,1.33,0.39,0.24,0.06,0.15,2.71,33,17.6,17.31,14.73,17.37,"Republican"
"201","Rusk County",4629,21.66,16534,77.38,205,0.96,5,10.9,33,25.9,9.4,10.4,5.4,0.4569,61661,84856,2393.66,22.04,52214,18.35,61.33,15.78,0.37,0.44,0.03,0.31,3.38,30,16,19.42,13.88,20.7,"Republican"
"202","Sabine County",669,12.19,4784,87.19,34,0.62,4.2,8.9,35.6,24.3,9.1,9.5,8.4,0.5205,47061,73675,1273.52,7.84,9894,3.97,83.96,7.42,0.52,0.53,0,0.35,3.25,24.99,22.27,22.93,14.19,15.63,"Republican"
"203","San Augustine County",980,24.49,3007,75.14,15,0.37,4.9,12.8,45.1,21,3.5,7.5,5.3,0.483,45888,59266,1374.4,5.76,7918,8.07,66.56,22.33,0.24,0.45,0,0,2.35,24.16,16.66,21.39,13.81,23.97,"Republican"
"204","San Jacinto County",2337,18.49,10161,80.4,140,1.11,5.8,8.6,39.7,24.2,5.6,8.9,7.1,0.4475,54839,76309,1474.33,18.77,27402,17.6,69.96,7.6,0.45,0.31,0.05,0.27,3.76,29.03,20.27,16.01,14.57,20.12,"Republican"
"205","San Patricio County",8988,34.72,16516,63.8,384,1.48,8.2,9.5,33.2,23.8,7.7,11.9,5.7,0.462,63842,85477,1795.69,38.39,68755,55.59,38.71,1.45,0.29,1.23,0.1,0.33,2.32,32.63,20.08,18.01,12.36,16.92,"Republican"
"206","San Saba County",287,11.03,2308,88.7,7,0.27,6.2,8,39.5,22.6,4.3,14,5.4,0.4248,54087,71975,2940.45,1.97,5730,30.52,64.4,1.85,0.51,0.28,0.02,0.17,2.25,29.42,23.4,17.42,12.52,17.25,"Republican"
"207","Schleicher County",211,18.21,940,81.1,8,0.69,9.8,8.2,29.7,32.7,6,9.8,3.7,0.4221,53774,70578,3394.55,0.73,2451,52.02,44.96,0.61,0.16,0.29,0.08,0.41,1.47,30.62,9.21,21.32,21.51,17.34,"Republican"
"208","Scurry County",818,13.94,4983,84.9,68,1.16,7.9,7.7,32.9,24.7,8.3,13.5,5,0.4213,58932,82991,2345.09,7.2,16932,42.16,51.01,3.54,0.35,0.48,0.03,0.16,2.26,24.74,20.92,21.31,18.47,14.57,"Republican"
"209","Shackelford County",130,7.99,1484,91.15,14,0.86,0.5,6,23.8,29.4,7.9,26.3,6.1,0.4393,60924,76415,2367.99,1.32,3105,11.69,84.12,0.64,0.19,0.45,0,0.06,2.83,30.78,15.32,29.31,14.66,9.93,"Republican"
"210","Shelby County",2068,20.51,7975,79.09,41,0.41,8.2,10.1,36.9,25.2,5.7,10,3.9,0.4556,49231,69370,2060.57,11.72,24022,19.5,60.01,15.84,0.21,1.52,0.06,0.2,2.66,28.11,18.81,18.07,13.59,21.41,"Republican"
"211","Sherman County",91,9.18,886,89.4,14,1.41,13.7,14.2,23.2,21.5,5.6,16.7,5.1,0.5605,66169,116652,2390.2,1.01,2782,47.27,48.96,0.36,0.18,0.07,0,0.22,2.95,30.4,13.52,18.17,22.91,14.99,"Republican"
"212","Smith County",29615,29.59,69080,69.03,1380,1.38,5.5,6.9,24.9,25.1,10.3,18.1,9.3,0.4571,69053,92062,2386.6,98.33,233479,20.25,57.59,16.28,0.32,1.77,0.03,0.3,3.47,33.84,17.84,22.49,9.65,16.19,"Republican"
"213","Somervell County",768,15.52,4105,82.98,74,1.5,2.3,4.9,32.1,26,6.1,21.3,7.3,0.4073,87899,97659,482.27,19.36,9205,18.33,76.17,0.42,0.53,0.6,0,0.36,3.6,35.82,13.38,21.88,15.31,13.6,"Republican"
"214","Starr County",9123,52.06,8247,47.06,155,0.88,26,13.1,26.6,17.1,4.5,9.2,3.6,0.5148,35979,53913,3168.02,20.74,65920,97.68,1.78,0.05,0.01,0.15,0,0.15,0.18,25.07,27.67,15.42,15.86,15.98,"Democrat"
"215","Stephens County",397,10.45,3385,89.08,18,0.47,6.7,10.1,34.6,23.9,6.3,13.9,4.5,0.5006,44712,68486,2322.5,3.99,9101,24.22,68.74,2.6,0.4,0.66,0.01,0.3,3.08,34.07,18.87,18.17,10.94,17.94,"Republican"
"216","Sterling County",51,7.98,584,91.39,4,0.63,2.3,7.6,42.1,21.5,3.2,14.6,8.8,0.3683,63558,98668,2391.72,0.58,1372,32.73,63.19,0.22,0.29,0.07,0.15,0.15,3.21,33.22,8.87,28,11.3,18.61,"Republican"
"217","Stonewall County",116,15.76,615,83.56,5,0.68,9,10.1,44.1,20.2,1.6,7.4,7.7,0.4271,66591,75657,2373.24,0.56,1245,18.15,76.95,1.45,0.24,0.4,0,0.16,2.65,19.19,18.89,22.34,14.09,25.49,"Republican"
"218","Sutton County",322,20.68,1222,78.48,13,0.83,10.2,9.8,37.2,23.7,3.7,7.9,7.4,0.4113,56778,69544,3765.67,0.89,3372,62.07,35.59,0.18,0.15,0.18,0,0.42,1.42,30.91,15.24,26.78,15.73,11.33,"Republican"
"219","Swisher County",478,20.3,1845,78.34,32,1.36,13.6,8.5,34.2,16,8.4,15.7,3.6,0.4799,40290,55431,2305.5,3.03,6971,45.14,46.18,5.84,0.26,0.14,0,0.11,2.32,38.79,23.99,11.96,15.07,10.19,"Republican"
"220","Tarrant County",411567,49.31,409741,49.09,13389,1.6,6.1,6.8,23.8,21.4,7.9,22.4,11.5,0.4565,78872,107434,2240.99,943.27,2110640,29.42,42.87,16.99,0.33,6.05,0.2,0.39,3.74,38.74,14.98,22.35,8.75,15.18,"Democrat"
"221","Taylor County",14588,26.47,39547,71.76,977,1.77,3.9,6.1,29.5,22.8,9,18.4,10.3,0.4463,61806,82300,2371.23,60.32,143208,24.27,60.97,7.67,0.41,1.97,0.11,0.33,4.28,35.95,19.61,21.91,10.6,11.93,"Republican"
"222","Terrell County",119,25.98,334,72.93,5,1.09,2.2,4,39.6,21.7,2.9,19.9,9.6,0.3844,52813,66441,6107.08,0.14,760,48.68,46.32,1.05,0,0.66,0,0.26,3.03,32.97,15.38,17.58,14.56,19.51,"Republican"
"223","Terry County",757,20.96,2812,77.85,43,1.19,14.7,9.3,33.8,24.9,6.3,8.1,2.9,0.47,42694,67747,2302.11,5.13,11831,55.52,38.87,3.29,0.25,0.31,0,0.2,1.56,24.32,22.54,18.47,19.91,14.76,"Republican"
"224","Throckmorton County",82,9.12,806,89.66,11,1.22,6.2,3.6,38.9,25.1,6,15.1,5.1,0.4228,55221,66570,2363.5,0.61,1440,10.07,86.67,0.07,0.21,0.21,0,0,2.78,35.56,15.53,17.98,14.71,16.21,"Republican"
"225","Titus County",2856,27.1,7570,71.83,113,1.07,12.6,9.8,37.3,17.3,7.6,10.8,4.6,0.4358,57634,72023,1052.32,29.74,31247,43.78,42.92,9.23,0.32,0.84,0.01,0.23,2.67,25.18,18.34,18.57,10.1,27.81,"Republican"
"226","Tom Green County",12239,27.07,32313,71.47,658,1.46,6.2,7.2,28.4,26.2,7.4,16.4,8.3,0.4476,67215,86111,3942.79,30.25,120003,39.22,51.99,3.34,0.3,1.42,0.12,0.31,3.3,33.42,17.49,23.96,12.24,12.9,"Republican"
"227","Travis County",435860,71.41,161337,26.43,13152,2.15,5.3,3.8,15,16.5,5.6,33.4,20.3,0.4772,92731,130157,2575.21,500.56,1290188,32.64,47.5,7.46,0.21,7.72,0.06,0.5,3.9,54.36,13.07,18.95,6.28,7.34,"Democrat"
"228","Trinity County",1323,19.07,5579,80.41,36,0.52,5.3,8.3,38.9,26,6.6,11.3,3.5,0.4586,51165,71207,1796.92,7.64,13602,9.66,77.44,7.98,0.21,0.22,0.03,0.24,4.21,35.05,19.52,18.76,12.36,14.31,"Republican"
"229","Tyler County",1403,14.52,8194,84.82,63,0.65,5.8,11.6,41.6,22.9,4.9,8.7,4.4,0.5181,50898,80667,2394.16,8.34,19798,7.68,77.29,10.3,0.56,0.49,0.02,0.24,3.42,30.06,18.26,19.58,16.37,15.73,"Republican"
"230","Upshur County",2877,15.23,15809,83.7,201,1.06,4.3,9.2,33.1,26.6,9.9,12.2,4.8,0.4544,60456,80248,1509.91,27.33,40892,9.75,76.51,7.11,0.64,0.43,0.02,0.37,5.17,30.41,14.25,23.97,15.6,15.78,"Republican"
"231","Upton County",170,12.43,1178,86.11,20,1.46,11.5,9.5,43.8,18.9,6.6,6.7,2.9,0.4299,55284,69047,3215.01,1.02,3308,54.32,39.84,1.78,0.33,0.12,0,0.09,3.51,32.65,16.18,17.13,22.21,11.84,"Republican"
"232","Uvalde County",4073,39.38,6174,59.7,95,0.92,12.4,11.5,27.1,21.2,8.7,14.2,4.9,0.5044,55000,72307,4019.46,6.18,24564,70.5,26.92,0.44,0.1,0.64,0.02,0.27,1.11,28.95,23.92,20.89,16.97,9.27,"Republican"
"233","Val Verde County",6771,44.34,8284,54.24,217,1.42,16.1,10.4,27.4,17.4,8.5,12.2,8,0.4389,57250,71313,8144.86,5.86,47586,80.29,16.47,1.13,0.12,0.74,0.07,0.18,1,25.96,23.65,23.57,11.7,15.11,"Republican"
"234","Van Zandt County",3516,13.53,22270,85.67,208,0.8,4.2,9.8,33.3,27.4,8.3,12.2,4.9,0.4676,62334,85932,2182.25,27.52,59541,11.88,80.59,2.55,0.55,0.46,0.05,0.22,3.7,31.19,17.5,21.79,16.13,13.39,"Republican"
"235","Victoria County",10380,30.36,23358,68.32,450,1.32,6.7,9.5,30.3,24.6,9.7,13.9,5.3,0.4424,66308,83950,2284.59,39.92,91319,47.01,43.07,5.73,0.23,1.52,0.04,0.25,2.14,30.43,18.87,22.33,12.78,15.59,"Republican"
"236","Walker County",7884,33.39,15375,65.12,353,1.5,5.9,8.8,38.2,21.2,6.5,12.5,6.8,0.4672,47193,65076,2031.13,38,76400,21.7,52.12,21.44,0.33,1.47,0.05,0.42,2.46,26.08,28.62,18.64,10.38,16.29,"Republican"
"237","Waller County",8191,36.03,14260,62.73,283,1.24,6.7,6.6,31.3,25.6,4.9,18.3,6.6,0.4633,71643,102547,1329.43,43.22,56794,32.55,41.37,21.31,0.37,1.38,0.02,0.55,2.45,35.64,17.08,22.81,11.84,12.63,"Republican"
"238","Ward County",764,18.82,3241,79.83,55,1.35,10.1,9.6,37.7,25.5,5.7,8.6,2.7,0.4249,70771,89224,2164.2,5.24,11644,54.32,38.7,3.56,0.35,0.59,0.02,0.19,2.27,27.06,15.52,21.11,15.69,20.62,"Republican"
"239","Washington County",4261,24.46,12959,74.4,198,1.14,4.1,6.2,31.5,21.7,7.6,19.1,9.7,0.4888,70043,96797,1564.86,22.88,35805,17.94,61.51,15.51,0.21,1.53,0.04,0.39,2.87,36.5,17.11,19.56,12.49,14.34,"Republican"
"240","Webb County",41820,61.14,25898,37.86,679,0.99,15.9,15,21.9,18.8,7.8,14.7,5.9,0.4614,59984,78814,8706.19,30.7,267114,95.22,3.55,0.3,0.05,0.49,0.01,0.17,0.21,26.01,22.4,24.91,10.67,16.02,"Democrat"
"241","Wharton County",4694,28.01,11926,71.15,141,0.84,8.4,10.3,31.1,21.6,10.4,12.9,5.2,0.453,59712,78675,2813.1,14.79,41570,40.82,43.61,13.16,0.17,0.39,0,0.25,1.6,27.09,18.41,20.64,15.99,17.87,"Republican"
"242","Wheeler County",168,7.19,2159,92.38,10,0.43,6.9,7.3,39.7,23.4,5.5,14.5,2.7,0.4338,58158,75121,2368.63,2.1,4990,24.59,69.52,1.62,0.66,0.48,0.04,0.24,2.85,26.65,22.78,20.89,21.06,8.62,"Republican"
"243","Wichita County",13161,28.59,32069,69.67,800,1.74,5.5,7,31.8,23.5,8.3,15.1,8.7,0.4596,58862,78508,1625.46,79.72,129350,19.95,61.61,10.34,0.77,2.05,0.11,0.37,4.81,33.21,20.37,20.51,9.7,16.21,"Republican"
"244","Wilbarger County",956,21.13,3524,77.9,44,0.97,8.7,12.9,33.2,22.7,6,12.7,4,0.4089,50769,62488,2514.74,5.09,12887,28.97,54.41,7.86,0.74,4.39,0,0.25,3.37,25.91,27.15,19.33,9.52,18.09,"Republican"
"245","Willacy County",3108,56.01,2441,43.99,0,0,17.1,15.5,37,14.6,5.3,7.7,2.8,0.4728,42839,59226,1529.68,13.28,20164,87.34,8.95,2.21,0.23,0.79,0.01,0.17,0.3,20.31,26.25,18.27,19.38,15.78,"Democrat"
"246","Williamson County",143795,49.7,139729,48.3,5788,2,2.8,3.1,18.1,20.8,8.9,29.9,16.4,0.4031,102851,126077,2890.01,213.63,609017,24.15,55.24,6.33,0.27,8.86,0.1,0.51,4.53,50.46,12.81,21.95,6.51,8.27,"Democrat"
"247","Wilson County",6350,25.39,18463,73.81,200,0.8,4.7,4.5,32.7,23.6,9.1,18.1,7.3,0.4458,89708,116008,2081.66,24.2,49753,38.65,56.03,1.39,0.3,0.46,0.05,0.38,2.74,36.77,14.74,22.51,12.51,13.47,"Republican"
"248","Winkler County",358,16.84,1753,82.46,15,0.71,12.5,15.1,36.3,21.1,5.9,7.5,1.6,0.336,89155,91621,2178.88,3.48,7791,60.74,34.68,1.78,0.49,0.99,0,0.12,1.21,20.89,16.39,17.69,19.62,25.41,"Republican"
"249","Wise County",4973,15.37,27032,83.53,357,1.1,5.7,7.3,33.9,24.5,7.8,14.9,5.9,0.4112,85385,104830,2342.37,29.91,68632,19.95,73.57,0.96,0.69,0.54,0.02,0.25,4.02,31.65,16.4,22.11,12.1,17.73,"Republican"
"250","Wood County",3509,15.4,19049,83.63,221,0.97,5.3,8.6,31.7,26.3,7,12.8,8.3,0.47,61748,83609,1671.17,27.13,44843,10.91,80.07,3.7,0.51,0.51,0,0.31,3.99,31.67,13.42,20.5,17.68,16.73,"Republican"
"251","Yoakum County",420,15.96,2174,82.63,37,1.41,19.2,12.3,28.1,25.6,5.1,8.6,1.1,0.4244,80317,98866,2071.25,3.68,7694,64.57,32.34,0.71,0.29,0.6,0,0.19,1.3,29.81,12.72,12.66,31.4,13.42,"Republican"
"252","Young County",1034,12.55,7110,86.3,95,1.15,5.2,6.7,32.8,24.7,8,16.1,6.4,0.445,65565,83470,2368.54,7.56,17867,19.63,75.05,0.97,0.44,0.48,0,0.21,3.21,27.42,20.25,19.73,16.94,15.66,"Republican"
"253","Zapata County",1826,47.13,2033,52.48,15,0.39,19.7,14.7,29.6,18.4,6.2,9.1,2.2,0.5195,35061,56419,2585.88,5.37,13889,93.59,5.73,0.06,0.05,0.12,0,0.12,0.33,23.08,19.41,19.53,21.6,16.37,"Republican"
"254","Zavala County",2864,65.4,1490,34.03,25,0.57,16.5,11,28.2,21.8,8.8,10.1,3.7,0.3978,49243,60004,3360.27,2.89,9670,92.49,5.92,0.69,0.22,0.2,0.01,0.03,0.44,29.18,17.07,16.09,21.44,16.22,"Democrat"
